的,愿,协,砂,妥,摧,疵,丫,虱,僮
是,李,轮,恭,谣,栗,憧,鹦,坷,玆
不,底,略,塔,缸,菊,忏,蒹,笆,衲
我,约,慧,贺,芒,瘦,琨,憩,竽,杳
一,雄,幻,魂,陵,钧,阙,懊,梖,姒
有,课,脸,睛,雯,匿,萱,聋,賏,嬿
大,答,短,逸,轨,砖,怅,盎,闺,忪
在,令,鹰,旗,虾,嘘,辄,婊,浙,鲲
人,深,冲,萨,寸,缚,搏,盔,疙,槁
了,票,朝,丸,呦,嘟,榕,峦,蓁,馋
中,达,忍,厚,洒,盆,饥,矜,烷,甡
到,演,游,斋,贞,债,捣,凛,喈,癞
资,早,河,芬,蜂,霞,渣,铺,跩,咋
要,卖,批,革,钻,挽,眺,鹉,酣,翌
可,棒,混,庸,厕,逍,虞,蜴,卍,栱
以,够,窗,舒,鹤,畔,俯,惚,遏,唠
这,黑,乡,饮,摔,蕴,绅,畴,亘,轶
个,院,蛋,闭,盒,颈,谤,羁,贔,驮
你,假,季,励,虫,获,珑,媛,万,铬
会,曲,散,顿,氛,畏,咫,堑,掐,驽
好,火,册,仰,悄,喂,俏,泛,蛹,阜
为,准,弃,阁,霖,脾,淆,疮,骥,啐
上,百,熟,孟,愧,姬,蜀,韶,樊,猷
来,谈,奖,昌,斜,赴,楠,憋,雱,癈
就,胜,唯,访,尸,囊,乞,祁,戾,蝨
学,碟,藏,绪,循,噪,诅,诟,别,淂
交,术,婚,裕,俩,熄,匀,搔,匮,楹
也,推,镜,勿,堡,锡,貂,蜥,崛,氨
用,存,紧,州,旺,诀,寰,袒,咨,菅
能,治,猜,阐,恶,肇,迋,奄,湃,泞
如,离,喝,抢,叉,璋,敞,忱,账,戟
文,易,尊,扫,燕,晕,跪,玖,粟,拮
时,往,乾,糊,津,浊,囚,拌,谯,踞
没,况,县,宙,臣,伐,溺,悴,骖,忐
说,晚,伯,尝,丧,峡,骆,祠,焜,骅
他,示,偏,菩,茂,窃,憬,扼,溅,彧
看,证,偷,赐,椅,枕,苇,髅,漳,纰
提,段,秋,赤,缠,倘,脊,筑,欸,罈
那,导,层,喊,刑,慌,瑶,蛤,葆,郢
问,伤,颗,盗,脉,垮,疆,茱,瘩,聒
生,调,食,擎,杉,帕,乍,骐,剷,跚
过,团,淡,劝,泊,莹,杆,捶,恙,犛
下,七,申,奋,撒,琦,眸,须,陞,驷
请,永,冠,慈,递,厢,窜,亢,榻,姣
天,刚,衣,尽,疲,渺,孽,葔,潞,谪
们,哥,仅,污,杆,脏,卅,艸,哞,堐
所,甚,帐,狐,趁,削,夭,筛,锤,忑
多,德,赞,罚,欠,锣,簧,岳,琢,焊
麽,杀,购,幽,盈,虐,徘,岳,簷,饷
小,怕,犯,准,晃,豔,馒,慵,仆,钠
想,包,敬,兼,蛇,薇,趴,戮,厘,娄
得,列,勇,尖,牡,霉,鎚,跎,篷,倭
之,概,洲,彰,慎,衍,啼,砰,揆,胭
还,照,束,灰,粒,腊,冗,仑,遽,邋
电,夜,斗,番,系,喧,缉,炜,峘,秧
出,排,徒,衡,倦,娶,絮,篱,圃,恻
工,客,嘉,鲜,溜,遂,啄,笈,町,宸
对,绝,柔,扩,遵,睁,沸,瘫,馊,鲈
都,软,绩,毫,腐,裙,萃,吏,潢,妤
机,商,笨,夸,疾,韦,嘶,痊,岖,椿
自,根,拥,炮,鸭,矢,鸳,庶,蟆,锂
後,九,漂,拆,璃,伺,禽,厥,嚥,猬
子,切,狮,监,牢,钉,惫,棘,怂,嶙
而,条,诗,栏,劣,婴,徨,娑,琬,醺
讯,集,围,迟,患,蓄,屐,沁,镶,啵
站,千,乖,证,祂,奸,舆,窘,侄,嘈
去,落,孤,倾,呈,廿,邂,鲸,庵,逖
心,竟,姓,郁,浑,堵,掀,缕,瞑,涘
只,越,吸,汪,剂,葬,嫖,硷,赂,爿
家,待,私,纷,妖,蓬,苟,俨,澹,卤
知,忘,避,托,玻,鸦,檯,栈,杵,鮀
国,尽,范,漏,塑,尝,矫,蔬,苯,滕
台,据,抗,渡,飙,挨,铎,鸠,劭,荪
很,双,盖,姑,伏,蕾,棱,闲,忡,殡
信,供,祝,秒,弊,璿,哗,迢,枣,嫦
成,称,序,吾,扮,挚,徊,恣,佗,臧
章,座,晓,窝,侬,券,拱,昀,掺,峋
何,值,富,辆,渴,厨,蕙,泠,捅,坻
同,消,译,龄,歪,醇,徬,涟,迩,暾
道,产,巨,跌,苗,呻,滞,眩,衿,鬩
地,红,秀,浩,汗,霍,吠,噫,饕,鈃
发,跑,馀,肥,陶,剃,妞,娥,皎,俎
法,嘛,辉,兽,栋,浆,氾,荼,娓,据
无,园,插,煞,琳,葡,芹,鳄,镉,蜒
然,附,察,抹,蓉,暨,叩,镖,糯,褉
但,硬,庆,酸,埋,滨,朽,侃,垠,邑
吗,云,积,税,叡,履,侪,虏,潺,缈
当,游,愈,陷,澎,捞,赦,俾,佣,涎
於,展,端,谷,并,咕,汐,樟,柿,沚
本,执,移,冲,泣,耕,丰,榴,绸,沪
现,闻,宫,杜,腾,棉,虔,咛,庠,綵
年,唱,挥,胸,柯,烁,茅,炬,濂,袓
前,育,爆,甘,催,尉,棠,窦,逑,轫
真,斯,港,胞,畅,艰,仑,笠,狈,蛢
最,某,雪,诞,勾,妓,膳,翱,踝,捺
和,技,硕,岂,樱,棺,魉,莘,鲶,拴
新,唉,借,辞,阮,鹏,儡,躇,傜,耆
因,息,帅,墙,斥,蒸,鸯,翡,叱,柑
果,苦,丢,凉,搜,癌,懦,姜,缇,潁
定,质,括,碎,踩,纬,渗,枭,懵,浚
意,油,挂,晶,返,菌,邵,匕,椭,喟
情,救,盘,邱,坛,撇,筱,藩,贻,棣
点,效,偶,逻,垂,惩,畜,徉,猥,嗷
题,须,末,脆,唤,绑,崖,觞,哄,熨
其,介,厅,喷,储,甫,瑕,拣,咁,挓
事,首,朱,玫,贩,崩,蕊,吱,粱,甕
方,助,凡,娃,匆,魄,揣,皈,迭,槐
清,职,惊,培,添,拂,擒,墉,邰,娩
科,例,货,咱,坑,汰,挂,傌,悚,鑞
样,热,灭,潜,柴,氓,屯,梢,榆,蕤
些,毕,醒,祥,邓,歇,莽,巅,脓,腋
吧,节,虚,筑,糖,萝,矽,踌,冇,瘁
叁,害,瑞,孔,昆,呒,侏,萌,寨,铿
此,击,拍,柏,暮,萄,弧,幌,镁,澍
位,乱,遗,叭,柜,蕃,澈,杭,摒,莠
理,态,忠,邀,娟,曝,饺,侥,徕,糸
行,嗯,志,犹,腹,疋,奎,栾,嗦,悌
作,宝,透,妻,煮,向,裘,奠,烜,勺
经,倒,烈,估,泛,胏,塌,痲,萼,涌
者,注,银,荒,稀,烛,饵,夸,壬,枰
什,停,顶,袋,兹,腻,偎,瘖,诧,伝
谢,古,雅,径,抑,襄,泻,芯,碇,锌
名,输,诺,垃,携,妆,蔓,蟀,镳,饴
日,规,圆,傲,芭,髓,彗,驿,锚,幡
正,福,熊,淑,框,朴,樽,耨,迥,铄
华,亲,替,圾,彷,薯,衔,禾,孚,胯
话,查,休,旦,罐,颂,茍,瑾,陇,岌
开,复,材,亿,虹,薛,磋,塾,豺,痢
实,步,挑,截,拷,滩,萎,俭,悖,姝
再,举,侠,币,萍,橘,廓,沱,搥,诳
城,鱼,鸡,羽,臂,贰,悯,腺,钛,醃
爱,断,累,妇,袭,嘲,铸,橱,肄,瞠
与,终,互,泥,叙,叹,茎,僵,脐,晡
二,轻,掌,欺,吻,枚,歼,惋,唢,獠
动,环,念,弦,仿,侮,壤,擞,诙,膫
比,练,米,筹,贼,豹,浇,噗,拎,腮
高,印,伴,舍,羯,巢,蚤,呛,戎,唰
面,随,辅,忌,浴,酬,恃,抴,崚,榛
又,依,降,串,体,碑,瞻,蛀,喳,烯
车,趣,豪,伸,翠,翩,拚,渲,鳕,膊
力,限,篮,喇,灿,蚕,汀,酋,嗣,淅
或,响,洗,耻,敲,辽,椒,跆,砥,纣
种,省,健,繁,胁,矿,嚼,埸,枋,佶
像,局,饭,廖,侣,屡,粥,嬉,沽,葩
应,续,怜,逛,蚁,谴,磅,怆,渥,嫡
女,司,疯,劲,秩,卵,佫,噶,黝,狞
教,角,宏,臭,佑,撰,勘,耙,鱿,缄
分,简,困,鲁,谨,攀,脖,憔,殇,诿
手,极,址,壮,寡,肌,吨,挠,蔫,帛
打,干,兮,捕,岳,冯,澜,羲,爻,甬
已,篇,操,穷,赔,宴,锻,扑,籁,芩
次,罗,临,拔,掩,盏,笙,眶,孜,蹛
长,佛,骗,于,匙,阪,厄,蛎,恿,玑
太,克,咧,丑,曹,浦,嚷,蹉,衙,鹫
明,阳,药,莉,纽,迦,伽,孵,痣,豊
己,武,绿,糟,签,颁,徽,淀,骧,倜
路,疑,尼,炸,晋,炼,隅,恸,攒,蹴
起,送,蔡,坡,喻,尬,寥,灸,鎗,镂
相,拉,玉,蒙,绵,胀,缤,愕,闸,丘
主,习,辛,腿,咏,辟,簾,淤,孺,腓
关,源,辈,坦,摊,艘,烘,狙,洄,邸
凤,免,敏,怒,馨,株,茜,槛,昊,脯
间,志,减,甜,珊,只,驯,嗈,踼,毁
呢,鸟,彼,韩,孕,湘,噎,霎,沃,菀
觉,烦,街,缓,杰,饲,厦,嗽,妍,犊
该,足,聚,悉,拘,爹,闰,兢,拽,珂
十,馆,郎,扯,哟,梨,煤,瑚,牯,盅
外,仍,泡,割,羡,喽,链,冉,逵,挹
凰,低,恨,艾,肤,侍,锈,甸,泯,烩
友,广,苏,胎,肝,疫,诫,怔,龌,錡
才,土,缩,恒,袍,雕,颊,蠹,銮,胳
民,呀,枢,玲,罩,黯,俐,缀,镛,叼
系,楼,碰,朵,叛,并,曳,谄,雉,馄
进,坏,采,泉,御,铝,蓓,灼,梗,猝
使,兵,默,汤,谜,弗,暧,紊,麾,谀
她,显,婆,猛,嫁,爪,郤,彤,胤,卞
着,率,股,驾,庙,鄙,淌,荐,馥,俦
各,圣,童,幼,肠,钗,喀,诣,髦,雎
少,码,符,坪,谎,栽,昆,眛,璨,菫
全,众,抽,巫,潘,狸,蔑,禀,浣,炘
两,争,获,弯,埔,谘,峙,馏,鼐,鹄
回,初,宇,胆,卜,柄,躁,蒜,呗,酮
加,误,废,昏,占,悸,菇,窑,腑,氟
将,楚,赢,鞋,拦,喉,逅,讦,吁,桀
感,责,肯,怡,煌,擅,雇,机,牒,帚
第,境,砍,吐,俄,劈,殴,炯,狒,荔
性,野,钢,唐,札,秉,泌,颐,痰,洱
球,预,欧,悠,骤,芷,酥,缪,剌,窖
式,具,届,盾,陌,裸,缮,扉,剽,薮
把,智,禁,跃,澄,锵,莓,嵩,篡,蔻
被,压,苍,侵,仓,贾,辕,缅,沬,捂
老,系,脱,丹,匪,逗,骇,朕,驭,锾
公,青,渐,鑑,宵,寓,巍,蟋,辇,苳
龙,贵,仙,泽,钮,咚,糗,濒,贮,夤
程,顺,泪,薪,岗,璞,扛,剔,妲,璐
论,负,触,逝,荡,烫,杏,局,盥,恚
及,魔,途,彦,卸,铅,茁,钍,莞,沝
别,适,财,后,旨,啸,琵,肋,阖,氦
给,哇,箱,召,粽,炳,礁,噩,筏,颚
听,测,厌,吕,贸,屿,秽,佢,炖,遢
水,慢,籍,碧,舌,竖,岔,揖,纭,渤
重,怀,冰,晨,历,惶,僻,圳,雩,舀
体,懂,涛,辨,叮,仕,焊,芜,涧,猕
做,史,订,植,咒,挪,嗡,亵,筐,碉
校,配,哭,痴,钥,栅,诵,崭,藕,呣
里,呜,稳,瑰,苹,迄,瞌,踅,垓,矬
常,味,析,钓,祭,顷,捌,蜻,垛,菈
东,亦,杰,轩,屈,窄,遁,坞,齁,氰
风,医,坚,勤,陋,鸥,赃,绫,鐽,韭
您,迎,桥,珠,雀,鲢,涡,冶,馅,帘
湾,舞,懒,浓,睹,郊,琮,惦,芮,谒
啦,恋,贤,悟,媚,倩,卯,梧,菠,噤
见,细,丝,磨,娜,兜,锯,罣,绥,蓑
解,灌,露,剪,诱,茧,扔,殆,躄,蹼
等,甲,森,逼,衷,磊,苏,兀,谆,棹
部,帝,危,玄,菁,抒,邹,讼,琅,焢
原,句,占,暖,殿,夷,莅,臼,汨,拧
月,属,茶,躲,撕,绰,隘,踮,鮭,臾
美,灵,惯,洛,蠢,溯,蹋,炙,啜,疝
先,评,尘,症,惟,拙,湛,雌,晤,蛭
管,骑,布,挡,嚣,僚,昼,啧,惬,捀
区,宜,爸,敝,踊,芙,岫,褒,苞,烊
错,败,阶,碍,跨,杖,蛰,竺,毗,绁
音,左,夏,亨,膀,溃,桩,匈,倏,衹
否,追,谊,逊,筒,凶,藐,葳,哮,邈
啊,狂,瓶,蜜,纹,鸽,汲,旱,伎,踽
找,敢,哩,盼,乳,妒,禄,骰,杞,尻
网,春,惨,姆,仗,沌,皂,阉,歛,淙
乐,狗,械,赋,轴,祺,濑,甭,荃,銂
让,际,隐,彬,撤,呐,绒,欣,呷,嘹
通,遇,丰,壁,潭,卦,耽,霏,麴,夆
入,族,旅,缴,佛,聆,粪,酪,糜,涪
期,群,椰,捷,桂,栖,粤,雍,旳,肓
选,痛,亡,乏,愤,蝇,卤,饪,绯,颳
较,右,汽,戒,捧,佮,曜,勋,饯,庖
四,康,贝,憾,袖,唾,懋,煦,颦,鸢
场,佳,娘,滴,埃,汇,咎,漓,煇,炤
由,杨,寒,桑,壹,楣,痘,娴,荀,跺
书,木,遭,菲,赫,匠,聂,揪,悱,愍
它,病,吹,嫌,谦,蛛,垢,囝,鸾,啷
快,戏,暑,愉,汇,悼,瞳,婵,亩,讴
从,项,珍,爬,魏,舜,闵,佼,龊,壑
欢,抓,零,恼,粹,耿,睿,玟,仞,辘
数,徵,刊,删,傅,瞄,跤,荤,愫,胛
表,善,邮,叹,寮,芋,鉴,俘,灶,绛
怎,官,村,抵,猴,瞒,躬,癖,栩,匾
至,护,乃,棚,衰,竭,斟,瞋,浬,臊
立,博,予,摘,辜,茵,淇,咄,靦,壅
内,补,赖,蒋,恳,吼,莒,幢,坍,睇
合,石,摇,箭,桶,苛,毯,迂,嗖,忉
目,尔,纳,夕,吋,浸,幸,蓊,冽,刈
望,营,烟,翁,衫,拯,骋,疹,偌,蹙
认,历,伦,牲,瞬,克,岱,儸,巿,泵
几,只,尾,迹,冻,豆,庐,桔,蒨,珣
社,按,狼,勉,猎,沛,殃,讹,隋,孃
告,妹,浮,莱,琼,掠,橄,籐,劾,畦
更,里,骨,洁,卿,廊,恤,眯,裱,蠋
版,编,杯,贪,戚,凸,叽,猖,蜃,戍
度,岁,隔,恰,卓,搅,鳞,泄,蚌,蝎
考,择,洪,曰,殖,俺,蒙,凿,吆,羡
喜,温,织,侨,泼,酌,芥,咻,毘,兀
头,守,询,沧,譬,倡,榄,晏,鳍,靳
难,血,振,咖,翰,朦,楷,诬,钏,殁
光,领,忽,唷,刮,蕉,硫,漪,潦,伕
买,寻,索,扣,斌,暱,苔,辫,钵,蹒
今,田,惠,采,枉,焕,麒,蔺,嗙,佚
身,养,峰,奔,梁,掏,椎,症,龈,囱
许,谓,席,泳,庞,蝉,禹,妾,柒,嘤
弟,居,喵,迹,闽,焰,喙,琇,娼,趺
若,异,胡,涯,宅,狄,厘,蜓,脕,贀
算,雨,租,夺,麟,绳,袅,烽,徛,脩
记,止,款,抄,宰,惰,亥,舔,倔,砾
代,跳,扰,疗,梭,芽,倌,娣,唏,臬
统,君,企,署,纠,裹,吭,汶,黴,罄
处,烂,刺,誓,丛,宛,诃,诏,碾,艋
完,优,芳,盃,雕,御,裔,侈,瞰,邬
号,封,鼠,骚,澳,赎,梓,膺,蝗,掣
接,拜,折,翼,毙,燥,蓦,渚,魇,钨
言,恶,频,屠,颖,滔,岩,槌,譁,缭
政,啥,冒,咪,腔,贬,帜,鞘,钿,糟
玩,浪,痴,雾,伫,悍,瓣,噬,悻,撬
师,核,阴,涉,躺,袂,狡,咐,螫,噪
字,聊,哲,锺,划,坟,惕,璀,唧,矕
并,急,针,踢,寺,颉,蒙,肪,觑,哆
男,状,伊,谋,炼,啤,怯,羚,箩,脍
计,陆,寂,牺,胃,押,嫩,羿,窠,粼
谁,激,嘴,焦,昂,尴,龚,葫,薏,孑
山,模,倚,涵,勋,颤,嚎,箔,踱,氐
张,攻,霸,础,骄,钝,豚,庇,浯,嗄
党,忙,扬,绕,卑,腥,埠,俪,腆,痉
每,良,沉,俱,蚂,缔,暸,嘱,烸,赣
且,剧,悔,霹,墓,粮,唆,颅,睫,揩
结,牛,虫,坜,冥,哑,妃,玺,谧,芊
改,垒,菜,唬,妄,槟,瓢,褐,舫,昝
非,增,距,氏,董,簿,蹄,擂,瘪,蹑
星,维,复,彻,淋,斧,厮,遑,晌,鼬
连,静,鼓,吝,卢,肿,讥,萦,埵,甥
哈,阵,摩,曼,偿,纶,啃,罹,乒,拄
建,抱,郑,寿,姻,僵,琶,粘,刽,荧
放,势,庄,粉,砸,齣,愿,栗,娉,狰
直,严,副,廉,践,辖,噱,钊,捻,鲛
转,词,页,炎,殷,蹲,狷,彪,谟,躂
报,亚,烧,祸,润,敷,搪,瘀,锄,謢
活,夫,弱,耗,铜,喘,氢,蛾,閤,趐
设,签,暂,炮,盲,扎,橙,馁,屹,陛
变,悲,剩,啡,扎,酿,咆,洹,哽,詘
指,密,豆,肚,驳,佑,靡,谕,蜿,苹
气,幕,探,贡,湿,肖,砌,胚,逄,拺
研,毒,耐,鼻,凑,愈,筷,卉,姗,靼
陈,厂,祖,挖,炒,隧,兑,拇,獗,愔
试,爽,遍,貌,尿,嗜,溼,炽,帑,捩
西,缘,萧,捐,穴,檬,呸,睦,蹶,硐
五,店,握,融,蟑,迳,镀,鲨,桧,稹
希,吴,愁,筋,拓,碌,踹,碴,鼾,淩
取,兰,龟,云,诡,襟,冢,辟,陲,顸
神,睡,哀,稣,谬,凋,祟,漱,窿,桎
化,致,发,捡,淫,圭,懈,窒,箇,刎
物,江,延,饱,荡,寇,术,惺,呆,榭
王,宿,库,铃,鼎,污,搓,谲,蝌,蠕
战,翻,隆,雳,斩,哨,攸,勦,砺,埂
近,香,盟,鸣,尧,倪,橡,迺,蛟,迵
世,蛮,傻,奉,伪,筠,膛,臀,桢,罡
受,警,眉,燃,饿,桦,俞,痪,匝,颢
义,控,固,饰,驰,诈,祉,褔,夯,圜
反,赵,秘,绘,蚊,姜,冀,渠,乓,赁
单,冷,卷,黎,瘟,旬,炊,弋,偬,墬
死,威,搭,卷,肢,秃,瓷,咸,谏,纔
任,微,昭,恢,挫,脂,遐,狸,弭,刨
跟,坐,宁,瞧,槽,噢,揽,吽,俸,筊
便,周,托,茫,扶,撼,鹭,痔,烨,彊
空,宗,辩,幅,兆,衅,茄,霭,弼,筌
林,普,覆,迪,僧,庚,蜢,轼,磺,葄
士,登,吵,柳,昧,炫,塘,姥,捆,蹊
台,母,耳,瑜,螂,谭,郡,璁,磐,壼
却,络,閒,矛,匹,惭,韬,钙,荏,欉
北,午,拨,吊,芝,涩,挟,漾,吒,谖
队,恐,沈,侯,奸,崔,牟,跛,崁,胫
功,套,升,玛,聘,贷,糙,翎,泱,宕
必,巴,胖,撑,眷,胡,阎,磷,谑,珪
声,杂,丁,薄,熙,晒,旻,嗳,洼,椆
写,创,妙,敦,猩,琉,赘,吩,嵌,揶
平,旧,残,挤,癢,捏,霆,敕,栓,蓼
影,辑,违,墨,帖,绮,呎,氮,踵,赀
业,幸,稍,琪,贫,膝,炭,鲍,鞦,屄
金,剑,媒,凌,贿,拭,霄,俟,酯,觎
档,亮,忧,侧,扑,暗,媳,婿,钾,鹧
片,述,销,枫,笼,醋,瘤,尪,茸,雕
讨,堂,恩,嗨,丘,膨,猿,谚,弛,掴
色,酒,颜,梯,颠,杠,颺,恺,葯,賸
容,丽,船,梁,讶,鑫,煚,裴,萏,扈
央,牌,奈,廷,玮,瀑,铠,汞,滢,淬
妳,仔,映,儒,尹,喃,蝠,剿,玠,贲
向,脚,井,咬,詗,剖,钜,瞥,鹬,蝣
市,突,拼,岚,柱,袜,苓,氯,钲,綑
则,搞,屋,览,袁,逾,傀,桨,跻,潸
员,父,乘,兔,漆,涅,烬,仝,嬷,瘐
兴,俊,京,怖,毋,扳,墅,瀛,蚪,玎
利,暴,藉,稿,辣,惘,璇,骸,鳅,辍
强,防,洞,齿,棍,凳,困,钳,燊,赈
白,吉,川,狱,矩,呃,愣,镕,捱,鸲
价,礼,宪,爷,佐,掘,恬,靓,狩,嘀
安,素,拟,迈,澡,捍,嫉,漩,骼,昃
呵,招,寝,闷,渊,榔,琐,攘,掬,婬
特,草,塞,乔,痞,窍,嫂,垣,酝,囿
思,周,倍,姿,矮,蜗,淼,荻,祀,坳
叫,房,户,踪,戈,旷,梳,咯,琛,滮
总,餐,摆,宾,勃,梵,憎,篑,獭,蔘
办,虑,桌,家,吞,暇,搂,茗,箝,饨
保,充,域,弘,肆,稻,藻,桓,菡,雹
花,府,劳,韵,抖,柠,酵,浒,隹,畀
议,背,赚,岭,咳,抉,屉,桠,邝,渭
传,典,皇,咦,亭,辗,陡,珀,楔,掔
元,仁,逃,裤,淘,蔚,摺,痠,缱,綩
求,漫,鸿,壳,穗,钩,箫,靴,诒,胝
份,景,横,孝,黏,卜,飨,咀,婶,搾
件,绍,牙,仇,冈,莺,桐,谷,擘,軂
持,诸,拖,誉,歧,匡,蚱,矗,愠,觊
万,琴,齐,妮,屑,蜘,曦,瘴,釆,崽
未,忆,农,惧,拢,祯,璧,璟,稔,沓
究,援,滚,促,潇,哔,偈,籽,槭,褛
决,尤,障,驶,谐,窟,蹦,晒,摃,衮
投,缺,搬,疼,遣,亟,昶,沥,帷,傩
哪,扁,奶,凶,诊,谛,咙,弩,黉,虌
喔,骂,乌,粗,祈,溢,铮,洸,镰,嗲
笑,纯,了,耍,霜,黛,嗤,婪,鼹,柰
猫,惜,松,糕,熬,晦,戌,翊,芎,鏖
组,授,戴,仲,饶,伶,屌,背,埤,崴
独,皮,谱,裂,闯,逮,耘,俑,邢,濠
级,松,酷,吟,婉,傍,裳,磕,呓,鶩
走,委,棋,陀,致,葱,啾,暐,缥,忒
支,湖,吓,赌,雁,刁,嵘,撩,骛,揄
曾,诚,摸,爵,觅,堤,胺,峥,铀,挛
标,麻,额,哉,讽,恍,笃,鹊,偃,缰
流,置,瓜,亏,膜,匣,烹,昕,闾,锉
竹,靠,役,锅,挣,谍,巩,寐,恫,筵
兄,继,怨,刷,斤,禧,厝,徙,瞿,鸪
阿,判,染,旭,帆,轿,疚,遴,蟒,糠
室,益,迫,晴,铺,耸,鸶,濯,淦,礴
卡,波,醉,蝶,凄,瀚,汹,堉,湮,亳
马,姐,锁,阔,瑟,斐,蔷,跋,涤,幔
共,既,震,洩,艇,忿,沐,陨,琥,宓
需,射,床,顽,壶,泓,咽,丕,轧,瓒
海,欲,闹,牧,苑,拐,烙,簇,槙,陕
口,刻,佩,契,悬,驴,畸,鹂,忝,腱
门,堆,牠,轰,詹,罕,讳,笋,崧,誏
般,释,徐,羞,诠,沫,揍,鬓,诌,忾
线,含,尺,拾,滤,绽,曙,竑,飒,鳌
语,承,干,锦,掰,刃,铐,绎,喋,玷
命,退,潮,逆,稚,窈,朔,镍,舶,谗
观,莫,帽,堕,辰,渝,涓,阕,箕,鬟
视,刘,盛,夹,募,仄,睬,燿,墩,栲
朋,昨,孙,枝,懿,瑛,矶,胥,哒,篓
联,旁,屁,瓦,慨,葵,岐,蚓,晾,旌
参,纪,净,舟,哼,噜,凄,嗔,砷,幄
格,赶,凯,悦,汁,绣,鲫,嬴,濡,翳
黄,制,撞,惹,佬,奕,楞,榷,猾,棻
钱,尚,迴,疏,纤,窥,鲤,尸,阂,荞
修,艺,损,锐,肃,浏,荆,蜍,韆,靛
失,肉,伙,翘,遨,隶,偕,夙,琍,铛
儿,律,牵,哎,渔,蔽,徜,睐,宦,唅
住,铁,厉,综,恕,仟,饥,蚯,樕,轭
八,奏,惑,纲,蝴,敛,肮,谩,鲷,壕
脑,树,羊,扇,垫,丞,蔼,璜,佞,褟
板,毛,冬,驻,昱,诘,辙,湄,叟,羌
吃,罪,桃,屏,竿,鳖,恁,鳗,团,撂
另,笔,舰,堪,缝,疤,霈,棕,沅,犷
换,彩,眠,弥,蹈,膏,诛,笺,疡,讫
即,注,伍,贯,鞭,锥,鞠,垚,啬,洵
象,归,溪,愚,仆,窕,茉,蛊,眈,锭
料,弹,飘,抬,豫,皱,煜,讷,肴,髻
录,虎,泰,喂,岩,晰,傭,鸵,豨,齰
拿,卫,宋,靖,辐,晖,嗓,痹,囤,胼
专,刀,圈,狠,歹,舅,酹,殉,裆,桹
远,皆,竞,饼,甄,孰,昙,墟,蕨,砝
速,键,闪,凝,斑,煽,铨,旄,胱,涔
基,售,纵,邻,淹,姚,艳,檀,愎,仃
帮,块,崇,擦,崎,钞,绷,竣,稼,黔
形,险,滑,滋,骏,袱,峨,熹,嵋,昂
确,荣,乙,坤,薰,绊,揉,沂,瑙,涸
候,播,俗,蛙,婷,焚,珈,峭,稷,婀
装,施,浅,灾,宠,芦,鹃,葾,忖,搀
孩,铭,莲,莎,棵,咸,诲,拈,荟,梏
备,罗,紫,毅,弓,沮,臆,隍,妩,蛔
歌,汉,沟,卒,犬,呕,焰,鞑,嚏,偆
界,赏,旋,汝,涂,瞪,隽,嗅,箴,纂
除,欣,摄,征,刹,淳,熔,佯,绻,堀
南,升,聪,赠,郁,丐,堇,蚣,湍,倬
器,叶,毁,斗,坎,茹,韧,躏,爰,晟
画,萤,庭,抛,煎,盘,扒,雇,颔,紘
诉,载,麦,秦,螺,菱,憨,乩,痧,锒
差,嘿,描,辱,遮,篠,舵,麓,戕,琱
讲,弄,妨,涂,枯,涕,肛,酗,绢,玹
类,钟,勒,披,台,衬,戊,寅,嗝,凊
英,付,仪,允,昔,蚀,坝,洒,褓,寤
案,寄,陪,侦,瘾,溉,抠,媲,梆,鲔
带,鬼,榜,欲,蒂,瑄,骷,瞩,晞,囥
久,哦,板,夥,坠,翟,碘,钡,锢,珞
乎,灯,慕,朗,唔,怠,鞍,诽,剁,蚜
掉,呆,耀,笛,瞎,钰,冕,拗,慑,豋
迷,洋,献,劫,筝,躯,榨,朴,嗟,搵
量,嘻,审,魅,唇,肺,肘,罔,泷,倨
引,布,蟹,钦,表,掷,羔,螳,诤,皕
整,磁,巷,慰,吁,丑,哺,撮,暝,戡
似,荐,谅,荷,冤,奢,霓,睽,帼,迤
耶,检,姊,挺,祷,荫,巳,渍,牴,埼
奇,派,逐,矣,甩,靶,铲,摹,琏,膑
制,构,踏,迅,伞,纱,蚵,扪,昴,儆
边,妈,岸,禅,酱,芸,惆,搧,诩,擤
型,蓝,葛,迁,范,佰,驹,蹂,篆,纨
超,贴,卧,鹿,焉,峻,撷,媄,攫,忻
识,猪,洽,秤,娇,阱,稽,纾,甯,蠔
虽,策,寞,彭,驼,哄,羹,蔗,睨,熇
怪,纸,邦,肩,沦,肾,纺,晔,缎,囍
飞,暗,藤,赞,碳,庄,蜕,隼,蹬,毐
始,巧,拳,丙,沾,囡,趾,惮,犁,瓯
品,努,阻,鹅,抚,阑,吊,睭,蛆,祚
运,雷,蝎,痕,溶,戳,豁,箍,诋,蜉
赛,架,面,液,叠,腕,褪,奚,缨,骈
费,享,殊,涨,几,菸,癸,掳,睾,怼
梦,宣,凭,巡,蜡,凹,眨,咿,婢,褊
故,逢,拒,烤,涌,蟾,臻,渎,傥,镑
班,均,池,贱,氧,蒐,慷,霾,霁,熏
权,担,邪,丈,弦,呱,蝙,叨,琅,俚
破,启,航,趋,娱,巾,胧,邃,熏,恪
验,济,驱,沿,皓,雏,沼,稠,啻,觔
眼,罢,裁,滥,奴,螃,舱,淮,捎,鎯
满,呼,翔,措,颓,盯,柚,骁,皿,踫
念,划,填,么,嘎,馈,抨,咩,暄,弁
造,伟,奥,扭,趟,垄,葭,岑,躅,啣
军,岛,函,捉,揭,毓,枷,聿,吃,锟
精,歉,镇,碗,噹,犀,靥,吮,宥,芍
务,郭,丌,炉,剥,逞,硝,铳,埕,蕁
留,训,宽,脏,垦,姨,绚,癫,涣,擢
服,穿,颇,叔,狭,穆,绞,敖,怦,盹
六,详,枪,秘,魁,樵,缆,蜈,傧,听
图,沙,遥,腰,坊,阀,讪,钣,鲥,旸
收,督,穹,漠,盐,弥,褚,滂,迸,斡
舍,梅,啪,翅,屎,跷,砗,酉,釜,痍
半,顾,阅,余,郝,搁,嫣,刍,踯,忸
读,敌,锋,胶,佩,隙,蒲,谙,簑,轾
